feature,coef,std_err,z_value,p_value,odds_ratio,or_ci_lower,or_ci_upper,impact
Jitter,481.24741191911716,,,,1.0071529443260631e+209,,,481.24741191911716
HNR,188.5772177419624,,,,7.907607014874928e+81,,,188.5772177419624
H1H2,86.56906430832095,,,,3.9488163174719095e+37,,,86.56906430832095
HighFreqNoiseRatio,73.21768948573279,,,,6.281140692490579e+31,,,73.21768948573279
QValue,-44.43382917806552,,,,5.0423522113777775e-20,,,44.43382917806552
Shimmer,-43.840740187489956,,,,9.124486942340922e-20,,,43.840740187489956
LowFreqEnergyRatio,-36.869541942761984,,,,9.722129104287748e-17,,,36.869541942761984
CPP,-11.660473371153945,,,,8.628211028650034e-06,,,11.660473371153945
SpectralSlope,-4.95744780376557,,,,0.007030849060108981,,,4.95744780376557
